"keys","it","en"
"Sprite Sheep","Sprite Sheep","Sprite Sheep"
"Impostazioni","Impostazioni","Settings"
"Motore","Motore","Engine"
"ComfyUI","ComfyUI","ComfyUI"
"Modello","Modello","Model"
"Edizione","Edizione","Edition"
"avvio...","avvio...","starting..."
"nessuna GPU CUDA","nessuna GPU CUDA","no CUDA GPU"
"non disponibile","non disponibile","unavailable"
"nessuno installato","nessuno installato","none installed"
"pronta","pronta","ready"
"da configurare","da configurare","needs setup"
"%s · %d/%d generazioni","%s · %d/%d generazioni","%s · %d/%d generations"
"1. Sprite sorgente","1. Sprite sorgente","1. Source sprite"
"Scegli immagine...","Scegli immagine...","Choose image..."
"nessun file scelto","nessun file scelto","no file chosen"
"Rimuovi sfondo","Rimuovi sfondo","Remove background"
"2. Prompt","2. Prompt","2. Prompt"
"Soggetto — cosa si vede, di lato, verso dove guarda","Soggetto — cosa si vede, di lato, verso dove guarda","Subject — what is shown, side view, facing which way"
"Stile","Stile","Style"
"Sfondo","Sfondo","Background"
"Camera","Camera","Camera"
"Bloccata (consigliata)","Bloccata (consigliata)","Locked off (recommended)"
"Segue il soggetto","Segue il soggetto","Follows the subject"
"Azione — un testo per passo","Azione — un testo per passo","Action — one text per step"
"cosa succede in questo passo","cosa succede in questo passo","what happens in this step"
"I tempi sono quelli dell'animazione finale. Nel prompt vengono riscalati sulla clip generata, che e' piu' lunga.","I tempi sono quelli dell'animazione finale. Nel prompt vengono riscalati sulla clip generata, che e' piu' lunga.","Times refer to the final animation. In the prompt they are rescaled onto the generated clip, which is longer."
"Animazione ciclica (ultimo frame = primo)","Animazione ciclica (ultimo frame = primo)","Looping animation (last frame = first)"
"Componi prompt","Componi prompt","Compose prompt"
"Il prompt composto appare qui. Puoi modificarlo a mano.","Il prompt composto appare qui. Puoi modificarlo a mano.","The composed prompt appears here. You can edit it by hand."
"Compila i campi e premi Componi.","Compila i campi e premi Componi.","Fill in the fields and press Compose."
"composizione fallita","composizione fallita","composition failed"
"WAN: prosa unica, la sequenza va a parole (first, then, finally).","WAN: prosa unica, la sequenza va a parole (first, then, finally).","WAN: single prose paragraph, sequence written out in words (first, then, finally)."
"MiniMax H3: blocchi con intestazioni e marcatori [0s-1s].","MiniMax H3: blocchi con intestazioni e marcatori [0s-1s].","MiniMax H3: blocks with headers and [0s-1s] markers."
"Prompt valido: %d beat, chiude a %.1fs.","Prompt valido: %d beat, chiude a %.1fs.","Prompt valid: %d beats, closing at %.1fs."
"3. Generazione","3. Generazione","3. Generation"
"Nome","Nome","Name"
"Durata","Durata","Duration"
"Frame","Frame","Frames"
"Genera sprite sheet e GIF","Genera sprite sheet e GIF","Generate sprite sheet and GIF"
"Generazione in corso...","Generazione in corso...","Generating..."
"Servono sprite, prompt valido e modello","Servono sprite, prompt valido e modello","Needs a sprite, a valid prompt and a model"
"Scegli un modello installato.","Scegli un modello installato.","Choose an installed model."
"avvio fallito","avvio fallito","start failed"
"Fatto.","Fatto.","Done."
"Copia errore","Copia errore","Copy error"
"Copiato negli appunti","Copiato negli appunti","Copied to clipboard"
"Mostra traccia","Mostra traccia","Show traceback"
"Nascondi traccia","Nascondi traccia","Hide traceback"
"errore sconosciuto","errore sconosciuto","unknown error"
"Sprite Sheep — errore di generazione","Sprite Sheep — errore di generazione","Sprite Sheep — generation error"
"quando","quando","when"
"richiesta","richiesta","request"
"4. Risultato","4. Risultato","4. Result"
"Qui compaiono l'animazione e il foglio appena pronti.","Qui compaiono l'animazione e il foglio appena pronti.","The animation and sheet appear here as soon as they are ready."
"Animazione","Animazione","Animation"
"Foglio","Foglio","Sheet"
"Pausa","Pausa","Pause"
"Riprendi","Riprendi","Resume"
"Apri cartella","Apri cartella","Open folder"
"Copia percorso","Copia percorso","Copy path"
"Apri log","Apri log","Open log"
"Parametri della generazione: prompt, modello, seed, tempi, scontorno","Parametri della generazione: prompt, modello, seed, tempi, scontorno","Generation parameters: prompt, model, seed, timing, background removal"
"Seed: [b]%d[/b]","Seed: [b]%d[/b]","Seed: [b]%d[/b]"
"Copiato","Copiato","Copied"
"Foglio non trovato: %s","Foglio non trovato: %s","Sheet not found: %s"
"Foglio illeggibile: %s","Foglio illeggibile: %s","Sheet unreadable: %s"
"Motore di generazione","Motore di generazione","Generation engine"
"Sprite Sheep usa ComfyUI, che va installata separatamente.","Sprite Sheep usa ComfyUI, che va installata separatamente.","Sprite Sheep uses ComfyUI, which must be installed separately."
"Indica cartella...","Indica cartella...","Select folder..."
"Avvia ComfyUI","Avvia ComfyUI","Start ComfyUI"
"ComfyUI in esecuzione","ComfyUI in esecuzione","ComfyUI running"
"Caricamento...","Caricamento...","Loading..."
"COMFYUI IN CARICAMENTO","COMFYUI IN CARICAMENTO","COMFYUI LOADING"
"%d s — di solito ci vuole circa un minuto","%d s — di solito ci vuole circa un minuto","%d s — usually takes about a minute"
"Ricontrolla","Ricontrolla","Re-check"
"Tutto pronto: puoi generare.","Tutto pronto: puoi generare.","All set: you can generate."
"Modelli","Modelli","Models"
"I pesi non sono inclusi: si scaricano da HuggingFace.","I pesi non sono inclusi: si scaricano da HuggingFace.","Weights are not included: they are downloaded from HuggingFace."
"Modello da usare","Modello da usare","Model to use"
"nessun modello installato","nessun modello installato","no model installed"
"Installato","Installato","Installed"
"Scarica","Scarica","Download"
"Leggi licenza e installa","Leggi licenza e installa","Read licence and install"
"Seleziona cartella...","Seleziona cartella...","Select folder..."
"Indica una cartella che contiene gia' questi file (per esempio models/ di ComfyUI): vengono collegati, non copiati.","Indica una cartella che contiene gia' questi file (per esempio models/ di ComfyUI): vengono collegati, non copiati.","Point to a folder that already contains these files (for example ComfyUI's models/): they are linked, not copied."
"Cartella con i modelli","Cartella con i modelli","Folder containing the models"
"Usa questa cartella","Usa questa cartella","Use this folder"
"Cerco i file in %s...","Cerco i file in %s...","Searching for files in %s..."
"%d file collegati da %s","%d file collegati da %s","%d files linked from %s"
"cartella non utilizzabile","cartella non utilizzabile","folder cannot be used"
"Scarico %s — file %d di %d, %.1f di %.1f GB","Scarico %s — file %d di %d, %.1f di %.1f GB","Downloading %s — file %d of %d, %.1f of %.1f GB"
"Errore: %s","Errore: %s","Error: %s"
"Attenzione","Attenzione","Warning"
"Accetto i termini della licenza","Accetto i termini della licenza","I accept the licence terms"
"Licenza","Licenza","Licence"
"Diagnostica","Diagnostica","Diagnostics"
"Copia diagnostica","Copia diagnostica","Copy diagnostics"
"Impostazioni — motore e modelli","Impostazioni — motore e modelli","Settings — engine and models"
"Modelli:","Modelli:","Models:"
"Edizione:","Edizione:","Edition:"
"Motore pronto","Motore pronto","Engine ready"
"Motore non disponibile","Motore non disponibile","Engine unavailable"
"Lingua","Lingua","Language"
"Italiano","Italiano","Italian"
"Inglese","Inglese","English"
"Clip: [b]%d[/b] frame a %d fps → [b]%.2f s[/b]","Clip: [b]%d[/b] frame a %d fps → [b]%.2f s[/b]","Clip: [b]%d[/b] frames at %d fps → [b]%.2f s[/b]"
"Foglio: [b]%d x %d[/b], %d celle usate","Foglio: [b]%d x %d[/b], %d celle usate","Sheet: [b]%d x %d[/b], %d cells used"
"Riproduzione: [b]%.1f fps[/b]","Riproduzione: [b]%.1f fps[/b]","Playback: [b]%.1f fps[/b]"
"%d celle resteranno vuote","%d celle resteranno vuote","%d cells will stay empty"
"Durata ridotta a %.2f s: e' il massimo del modello.","Durata ridotta a %.2f s: e' il massimo del modello.","Duration reduced to %.2f s: that is the model's maximum."
"La durata reale differisce da quella chiesta: il modello accetta solo certe lunghezze.","La durata reale differisce da quella chiesta: il modello accetta solo certe lunghezze.","The real duration differs from the requested one: the model accepts only certain lengths."
"[b]%d[/b] frame · foglio %d x %d px","[b]%d[/b] frame · foglio %d x %d px","[b]%d[/b] frames · sheet %d x %d px"
"GIF: [b]%.1f fps[/b] reali, %.2f s","GIF: [b]%.1f fps[/b] reali, %.2f s","GIF: [b]%.1f fps[/b] real, %.2f s"
"avvio del motore...","avvio del motore...","starting the engine..."
"pronto","pronto","ready"
"Ho letto e accetto i termini di licenza di questo modello","Ho letto e accetto i termini di licenza di questo modello","I have read and accept the licence terms of this model"
"testo completo della licenza","testo completo della licenza","full licence text"
"%.1f di %.1f GB","%.1f di %.1f GB","%.1f of %.1f GB"
"File %d di %d: %s (%.1f di %.1f GB)","File %d di %d: %s (%.1f di %.1f GB)","File %d of %d: %s (%.1f of %.1f GB)"
"Immagini","Immagini","Images"
"Trascina un'immagine PNG, JPG o WEBP.","Trascina un'immagine PNG, JPG o WEBP.","Drop a PNG, JPG or WEBP image."
"Scegli lo sprite sorgente","Scegli lo sprite sorgente","Choose the source sprite"
"nessun file scelto — o trascina qui","nessun file scelto — o trascina qui","no file chosen — or drop one here"
"%d x %d, quadrata","%d x %d, quadrata","%d x %d, square"
"%d x %d — non quadrata, verra' deformata","%d x %d — non quadrata, verra' deformata","%d x %d — not square, it will be stretched"
"Sfondo gia' trasparente (%.0f%%)","Sfondo gia' trasparente (%.0f%%)","Background already transparent (%.0f%%)"
"Sfondo chiaro uniforme: rimozione consigliata","Sfondo chiaro uniforme: rimozione consigliata","Uniform light background: removal recommended"
"Sfondo non uniforme: la rimozione potrebbe essere imprecisa","Sfondo non uniforme: la rimozione potrebbe essere imprecisa","Uneven background: removal may be imprecise"
"Sfondo rimosso — %.0f%% trasparente","Sfondo rimosso — %.0f%% trasparente","Background removed — %.0f%% transparent"
"Rimozione in corso...","Rimozione in corso...","Removing..."
"Formato non leggibile.","Formato non leggibile.","Unreadable format."
"analisi fallita","analisi fallita","analysis failed"
"scontorno fallito","scontorno fallito","background removal failed"
"IN LAVORAZIONE","IN LAVORAZIONE","IN PROGRESS"
"CUDA non disponibile","CUDA non disponibile","CUDA not available"
"Cartella con i modelli — %s","Cartella con i modelli — %s","Models folder — %s"
"Python non trovato. Sprite Sheep ne ha bisogno per il motore. Mettilo in una cartella 'python' accanto all'applicazione, oppure installalo e assicurati che sia nel PATH di sistema.","Python non trovato. Sprite Sheep ne ha bisogno per il motore. Mettilo in una cartella 'python' accanto all'applicazione, oppure installalo e assicurati che sia nel PATH di sistema.","Python not found. Sprite Sheep needs it for the engine. Put it in a 'python' folder next to the application, or install it and make sure it is on the system PATH."
"Calcolo su GPU: a carico di ComfyUI","Calcolo su GPU: a carico di ComfyUI","GPU compute: handled by ComfyUI"
"GPU: %s ([b]%d MB[/b])","GPU: %s ([b]%d MB[/b])","GPU: %s ([b]%d MB[/b])"
"GPU non ancora nota: avvia ComfyUI","GPU non ancora nota: avvia ComfyUI","GPU not known yet: start ComfyUI"
"Nessuna GPU CUDA","Nessuna GPU CUDA","No CUDA GPU"
"Nessuna GPU compatibile","Nessuna GPU compatibile","No compatible GPU"
"GPU ignota: ComfyUI spenta","GPU ignota: ComfyUI spenta","GPU unknown: ComfyUI is off"
"Rimuovi lo sfondo dai frame generati","Rimuovi lo sfondo dai frame generati","Remove the background from generated frames"
"Senza, lo sprite sheet esce con lo sfondo pieno del prompt.","Senza, lo sprite sheet esce con lo sfondo pieno del prompt.","Without it, the sprite sheet keeps the solid background from the prompt."
"Scontorna questo sprite prima di usarlo","Scontorna questo sprite prima di usarlo","Cut out this sprite before using it"
"Scontorna adesso","Scontorna adesso","Cut out now"
"Scontorno in corso...","Scontorno in corso...","Cutting out..."
"Sfondo dei frame rimosso","Sfondo dei frame rimosso","Frame background removed"
"Sfondo dei frame conservato","Sfondo dei frame conservato","Frame background kept"
"File del modello","File del modello","Model files"
"presente","presente","present"
"da scaricare","da scaricare","to download"
"in corso","in corso","downloading"
"errore","errore","failed"
"Apri","Apri","Open"
"Apri la cartella dei modelli","Apri la cartella dei modelli","Open the models folder"
"Scarica i %d file mancanti","Scarica i %d file mancanti","Download the %d missing files"
"Cartella:","Cartella:","Folder:"
"Soggetto","Soggetto","Subject"
"Tempi","Tempi","Timing"
"Prompt","Prompt","Prompt"
"Componi","Componi","Compose"
"Ciclo chiuso","Ciclo chiuso","Closed loop"
"Compila i blocchi e premi Componi.","Compila i blocchi e premi Componi.","Fill in the blocks and press Compose."
"Ogni blocco e' una parte del prompt. Stacca un filo per escluderlo.","Ogni blocco e' una parte del prompt. Stacca un filo per escluderlo.","Each block is one part of the prompt. Unplug a wire to leave it out."
"Il testo composto compare qui. Modificandolo, comandi tu.","Il testo composto compare qui. Modificandolo, comandi tu.","The composed text appears here. Edit it and you take over."
"%d passi su %.1f s","%d passi su %.1f s","%d steps over %.1f s"
"chi o cosa si vede, in inglese","chi o cosa si vede, in inglese","who or what is shown, in English"
"tratto, colori, resa","tratto, colori, resa","line, colours, rendering"
"fondo pieno, tinta unita","fondo pieno, tinta unita","solid background, one flat tone"
"Sfondo da togliere","Sfondo da togliere","Background to remove"
"Tolleranza","Tolleranza","Tolerance"
"Colore che verra' tolto","Colore che verra' tolto","The colour that will be removed"
"Clicca sull'anteprima per prelevare il colore dello sfondo.","Clicca sull'anteprima per prelevare il colore dello sfondo.","Click the preview to pick the background colour."
"Automatico (misura dagli angoli)","Automatico (misura dagli angoli)","Automatic (measured from the corners)"
"Verde (chroma key)","Verde (chroma key)","Green (chroma key)"
"Magenta","Magenta","Magenta"
"Blu","Blu","Blue"
"Bianco","Bianco","White"
"Nero","Nero","Black"
"Prelevato dall'immagine","Prelevato dall'immagine","Picked from the image"
"Sfondo a tinta unita %s: rimozione consigliata","Sfondo a tinta unita %s: rimozione consigliata","Solid %s background: removal recommended"
"Gli angoli non concordano (scarto %.0f): usa il contagocce","Gli angoli non concordano (scarto %.0f): usa il contagocce","The corners disagree (spread %.0f): use the eyedropper"
"colore tolto %s · bordo sfumato %.1f%%","colore tolto %s · bordo sfumato %.1f%%","removed %s · soft edge %.1f%%"
"Wizard prompt creation","Creazione guidata del prompt","Wizard prompt creation"
"Il wizard fa una domanda per volta e compone il prompt.","Il wizard fa una domanda per volta e compone il prompt.","The wizard asks one question at a time and composes the prompt."
"Apri il wizard e componi il prompt.","Apri il wizard e componi il prompt.","Open the wizard and compose the prompt."
"Indietro","Indietro","Back"
"Avanti","Avanti","Next"
"Usa questo prompt","Usa questo prompt","Use this prompt"
"Passo %d di %d","Passo %d di %d","Step %d of %d"
"Chi si vede","Chi si vede","Who we see"
"Com'e' disegnato","Com'e' disegnato","How it is drawn"
"Cosa c'e' dietro","Cosa c'e' dietro","What is behind"
"Come guarda la camera","Come guarda la camera","How the camera looks"
"Cosa succede, e quando","Cosa succede, e quando","What happens, and when"
"Il prompt","Il prompt","The prompt"
"Il soggetto dell'animazione, in inglese. Descrivilo come se l'altro non avesse davanti lo sprite.","Il soggetto dell'animazione, in inglese. Descrivilo come se l'altro non avesse davanti lo sprite.","The subject of the animation, in English. Describe it as if the reader could not see the sprite."
"Tratto, colori, resa. Serve a tenere il disegno uguale a se stesso in tutti i fotogrammi.","Tratto, colori, resa. Serve a tenere il disegno uguale a se stesso in tutti i fotogrammi.","Line, colours, finish. It keeps the drawing identical to itself in every frame."
"Un fondo a tinta unita si scontorna bene. Un fondo dettagliato no.","Un fondo a tinta unita si scontorna bene. Un fondo dettagliato no.","A solid background cuts out cleanly. A detailed one does not."
"Per uno sprite sheet serve la camera bloccata: se l'inquadratura si muove, il soggetto cambia scala da un fotogramma all'altro.","Per uno sprite sheet serve la camera bloccata: se l'inquadratura si muove, il soggetto cambia scala da un fotogramma all'altro.","A sprite sheet needs a locked camera: if the framing moves, the subject changes scale from frame to frame."
"Da 1 a 8 passi. La durata si divide fra tutti: aggiungerne uno riscrive i tempi degli altri.","Da 1 a 8 passi. La durata si divide fra tutti: aggiungerne uno riscrive i tempi degli altri.","From 1 to 8 steps. The duration is split between them: adding one rewrites the others' timings."
"Questo e' il testo che andra' al modello. Si puo' ancora modificare a mano dopo aver chiuso.","Questo e' il testo che andra' al modello. Si puo' ancora modificare a mano dopo aver chiuso.","This is the text that goes to the model. It can still be edited by hand after closing."
"Ciclo chiuso (l'ultimo fotogramma torna al primo)","Ciclo chiuso (l'ultimo fotogramma torna al primo)","Closed loop (the last frame returns to the first)"
"A posto: %d passi, chiude a %.1fs.","A posto: %d passi, chiude a %.1fs.","All good: %d steps, closes at %.1fs."
"Check for update","Controlla aggiornamenti","Check for update"
"Discord","Discord","Discord"
"Instagram","Instagram","Instagram"
"Ko-fi","Ko-fi","Ko-fi"
"Indirizzo non ancora configurato.","Indirizzo non ancora configurato.","Address not configured yet."
"Avvia","Avvia","Start"
"Attendi, avvio del motore...","Attendi, avvio del motore...","Please wait, starting the engine..."
"Entra comunque","Entra comunque","Enter anyway"
"motore pronto","motore pronto","engine ready"
"il motore non risponde: entra e guarda la barra di stato","il motore non risponde: entra e guarda la barra di stato","the engine is not responding: enter and check the status bar"
"Accetto e scarico","Accetto e scarico","Accept and download"
"Cartella di ComfyUI (quella con main.py)","Cartella di ComfyUI (quella con main.py)","ComfyUI folder (the one with main.py)"
"Scegli","Scegli","Browse"
"idle, walk, run...","idle, walk, run...","idle, walk, run..."
"Annulla","Annulla","Cancel"
"Annullamento...","Annullamento...","Cancelling..."
"Generazione annullata.","Generazione annullata.","Generation cancelled."
"Un'altra istanza del motore occupa la porta %d. Chiudi le altre finestre di Sprite Sheep, oppure termina il processo python rimasto aperto, e riavvia.","Un'altra istanza del motore occupa la porta %d. Chiudi le altre finestre di Sprite Sheep, oppure termina il processo python rimasto aperto, e riavvia.","Another engine instance is holding port %d. Close any other Sprite Sheep windows, or end the leftover python process, and restart."
"Formato","Formato","Aspect ratio"
"1:1 quadrato","1:1 quadrato","1:1 square"
"3:4 verticale","3:4 verticale","3:4 portrait"
"4:3 orizzontale","4:3 orizzontale","4:3 landscape"
"9:16 verticale alto","9:16 verticale alto","9:16 tall portrait"
"16:9 orizzontale largo","16:9 orizzontale largo","16:9 wide landscape"
"21:9 panoramico","21:9 panoramico","21:9 panoramic"
"Rapporto della clip. Lo sprite non viene stirato: si aggiunge fondo ai lati.","Rapporto della clip. Lo sprite non viene stirato: si aggiunge fondo ai lati.","Clip aspect ratio. The sprite is not stretched: background is added at the sides."
"Formato: [b]%s[/b], generato a %d x %d px","Formato: [b]%s[/b], generato a %d x %d px","Aspect ratio: [b]%s[/b], generated at %d x %d px"
"Spazio","Spazio","Space"
"Come lo sprite","Come lo sprite","As the sprite"
"Normale: figura all'80%","Normale: figura all'80%","Normal: figure at 80%"
"Ampio: figura al 68% (salti, colpi in alto)","Ampio: figura al 68% (salti, colpi in alto)","Wide: figure at 68% (jumps, high hits)"
"Riduce la figura e le lascia aria sopra la testa: serve a salti, montanti e braccia alzate, che altrimenti escono dal quadro o fanno cambiare scala al personaggio.","Riduce la figura e le lascia aria sopra la testa: serve a salti, montanti e braccia alzate, che altrimenti escono dal quadro o fanno cambiare scala al personaggio.","Shrinks the figure and leaves room above the head: needed for jumps, uppercuts and raised arms, which otherwise leave the frame or make the character change scale."
"Coda di azioni per questo personaggio","Coda di azioni per questo personaggio","Action queue for this character"
"Aggiungi alla coda","Aggiungi alla coda","Add to queue"
"Metti in coda l'azione con nome, prompt, durata e frame attuali. Poi prepara la prossima.","Metti in coda l'azione con nome, prompt, durata e frame attuali. Poi prepara la prossima.","Queue the action with the current name, prompt, duration and frames. Then prepare the next one."
"Togli","Togli","Remove"
"Svuota","Svuota","Clear"
"Genera %d azioni (pesi caricati una volta)","Genera %d azioni (pesi caricati una volta)","Generate %d actions (weights loaded once)"
"~%s rimanenti","~%s rimanenti","~%s left"
"%d azioni","%d azioni","%d actions"
"Cronologia","Cronologia","History"
"Generazioni passate: apri, confronta, rigenera con un altro seme","Generazioni passate: apri, confronta, rigenera con un altro seme","Past generations: open, compare, regenerate with another seed"
"Rigenera con un altro seme","Rigenera con un altro seme","Regenerate with another seed"
"Carico...","Carico...","Loading..."
"Nessuna generazione ancora.","Nessuna generazione ancora.","No generations yet."
"Doppio clic per aprire il log.","Doppio clic per aprire il log.","Double-click to open the log."
"seme","seme","seed"
